"tps","commits","commit rate","reject rate"
5,10756,4.86,0
10,10524.3333333333,9.47,0
20,9952.66666666667,19.36,0
30,7724,17.06,5.81
40,5426,17.13,7.14
